category,count,percent
perfect,664,92.86713286713287
good,39,5.454545454545454
early,12,1.6783216783216783
late,0,0.0
miss,0,0.0
