bin,n,detect,usable,perfect
M4-5,535,100.0,99.06542056074767,98.13084112149532
M5-6,105,100.0,96.19047619047619,89.52380952380953
M6-7,75,100.0,96.0,60.0
