bin,n,detect,usable,perfect
0-50,306,100.0,98.0392156862745,93.79084967320262
50-100,340,100.0,98.52941176470588,93.23529411764706
100-200,69,100.0,98.55072463768117,86.95652173913044
